iso3,country,region,hdicode,hdi_rank_2021,hdi_2021,le_2021,eys_2021,mys_2021,gnipc_2021,gdi_2021,gii_2021,ihdi_2021,loss_2021,phdi_2021,co2_prod_2021
AFG,Afghanistan,SA,Low,180.0,0.478,61.9824,10.26384398,2.98506999,1824.190915,0.681,0.678,,,0.474,0.312376488
AGO,Angola,SSA,Medium,148.0,0.586,61.6434,12.1721,5.417390823,5465.617791,0.903,0.537,0.407,30.54607509,0.577,0.675409733
ALB,Albania,ECA,High,67.0,0.796,76.4626,14.44799995,11.28645502,14131.11039,1.007,0.144,0.71,10.8040201,0.739,1.575753953
AND,Andorra,,Very High,40.0,0.858,80.3684,13.30023874,10.55511952,51166.62661,,,,,,6.034944671
ARE,United Arab Emirates,AS,Very High,26.0,0.911,78.7104,15.71769047,12.69402981,62573.59181,0.953,0.049,,,0.518,15.19333592
ARG,Argentina,LAC,Very High,47.0,0.842,75.3899,17.8748703,11.14726927,20925.26814,0.997,0.287,0.72,14.48931116,0.759,3.473291552
ARM,Armenia,ECA,High,85.0,0.759,72.0431,13.11676025,11.33030033,13157.9939,1.001,0.216,0.688,9.354413702,0.727,1.987788379
ATG,Antigua and Barbuda,LAC,High,71.0,0.788,78.4968,14.18462641,9.293740746,16792.36595,,,,,,4.395122997
AUS,Australia,,Very High,5.0,0.951,84.5265,21.05459023,12.72681999,49238.43335,0.968,0.073,0.876,7.886435331,0.637,15.36837971
AUT,Austria,,Very High,25.0,0.916,81.5797,16.00795937,12.25669003,53618.67138,0.98,0.053,0.851,7.096069869,0.766,6.732425105
AZE,Azerbaijan,ECA,High,91.0,0.745,69.3658,13.49689007,10.5429697,14256.74456,0.974,0.294,0.685,8.053691275,0.688,3.720272365
BDI,Burundi,SSA,Low,187.0,0.426,61.6627,10.72272189,3.129266883,731.7867086,0.935,0.505,0.302,29.10798122,0.422,0.050642582
BEL,Belgium,,Very High,13.0,0.937,81.8787,19.60421944,12.37567997,52293.39977,0.978,0.048,0.874,6.723585912,0.742,7.226205719
BEN,Benin,SSA,Low,166.0,0.525,59.821,10.76667976,4.304786445,3408.965923,0.88,0.602,0.334,36.38095238,0.515,0.552890326
BFA,Burkina Faso,SSA,Low,184.0,0.449,59.2696,9.142100334,2.114962259,2117.915916,0.903,0.621,0.315,29.844098,0.442,0.189903275
BGD,Bangladesh,SA,Medium,129.0,0.661,72.3811,12.44198036,7.379059792,5472.104781,0.898,0.53,0.503,23.903177,0.649,0.563737615
BGR,Bulgaria,,High,68.0,0.795,71.798,13.89729023,11.41318035,23078.95595,0.995,0.21,0.701,11.82389937,0.708,5.388845994
BHR,Bahrain,AS,Very High,35.0,0.875,78.7605,16.29755974,11.04658985,39497.24788,0.927,0.181,,,0.647,20.54572969
BHS,Bahamas,LAC,Very High,55.0,0.812,71.5983,12.89945,12.64192386,30486.18429,,0.329,,,0.634,5.944655227
BIH,Bosnia and Herzegovina,ECA,High,74.0,0.78,75.3003,13.8,10.53631973,15241.91465,0.94,0.136,0.677,13.20512821,0.691,6.528247977
BLR,Belarus,ECA,Very High,60.0,0.808,72.438,15.16996956,12.14358044,18848.96704,1.011,0.104,0.765,5.321782178,0.751,6.07931383
BLZ,Belize,LAC,Medium,123.0,0.683,70.4697,12.99168968,8.847599983,6309.099778,0.975,0.364,0.535,21.66910688,0.637,1.465666402
BOL,Bolivia (Plurinational State of),LAC,Medium,118.0,0.692,63.6304,14.94697094,9.827750206,8111.190194,0.964,0.418,0.549,20.66473988,0.647,1.773319863
BRA,Brazil,LAC,High,87.0,0.754,72.7504,15.59906006,8.128813955,14369.88848,0.994,0.39,0.576,23.60742706,0.676,2.198836949
BRB,Barbados,LAC,High,70.0,0.79,77.5714,15.71338458,9.852700596,12306.341,1.034,0.268,0.657,16.83544304,,3.781470204
BRN,Brunei Darussalam,EAP,Very High,51.0,0.829,74.6424,13.95178032,9.18,64489.53954,0.984,0.259,,,0.358,23.22054316
BTN,Bhutan,SA,Medium,127.0,0.666,71.815,13.22500478,5.170262283,9437.541512,0.937,0.415,0.471,29.27927928,0.553,2.495308499
BWA,Botswana,SSA,Medium,117.0,0.693,61.1409,12.26513765,10.34,16198.31841,0.981,0.468,,,0.633,2.772080776
CAF,Central African Republic,SSA,Low,188.0,0.404,53.8947,8.040171714,4.334,966.0586107,0.81,0.672,0.24,40.59405941,0.401,0.038906639
CAN,Canada,,Very High,15.0,0.936,82.6565,16.39625931,13.83442722,46807.98619,0.988,0.069,0.86,8.11965812,0.687,14.19693746
CHE,Switzerland,,Very High,1.0,0.962,83.9872,16.50029945,13.85966015,66933.00454,0.967,0.018,0.894,7.068607069,0.796,3.731913422
CHL,Chile,LAC,Very High,42.0,0.855,78.9435,16.73130035,10.9349663,24563.24486,0.967,0.187,0.722,15.55555556,0.775,4.24621503
CHN,China,EAP,High,79.0,0.768,78.2107,14.2361149,7.600118446,17504.39969,0.984,0.192,0.651,15.234375,0.648,7.411735759
CIV,Côte d'Ivoire,SSA,Medium,159.0,0.55,58.5983,10.67558002,5.199138977,5217.448516,0.887,0.613,0.358,34.90909091,0.54,0.381780097
CMR,Cameroon,SSA,Medium,151.0,0.576,60.3334,13.10859922,6.15131,3620.932408,0.885,0.565,0.393,31.77083333,0.569,0.259524431
COD,Congo (Democratic Republic of the),SSA,Low,179.0,0.479,59.193,9.817864451,7.018696516,1076.098781,0.885,0.601,0.341,28.81002088,0.473,0.027660353
COG,Congo,SSA,Medium,153.0,0.571,63.5187,12.33081527,6.166,2889.283521,0.934,0.564,0.432,24.34325744,0.564,0.564833429
COL,Colombia,LAC,High,88.0,0.752,72.8296,14.44274998,8.862859726,14384.35666,0.984,0.424,0.589,21.67553191,0.711,1.751176049
COM,Comoros,SSA,Medium,156.0,0.558,63.4174,11.92432393,5.078649,3142.064119,0.891,,0.31,44.44444444,,0.29721677
CPV,Cabo Verde,SSA,Medium,128.0,0.662,74.0518,12.55461444,6.287719287,6230.200199,0.981,0.349,,,,0.98910586
CRI,Costa Rica,LAC,Very High,58.0,0.809,77.0232,16.54577065,8.804059982,19974.27358,0.996,0.256,0.664,17.92336218,0.746,1.552260862
CUB,Cuba,LAC,High,83.0,0.764,73.6829,14.44305992,12.49773438,7878.847482,0.961,0.303,,,0.721,1.779198659
CYP,Cyprus,,Very High,29.0,0.896,81.2033,15.64826965,12.44017029,38188.42152,0.972,0.123,0.819,8.59375,0.708,5.380504059
CZE,Czechia,,Very High,32.0,0.889,77.7283,16.21968079,12.86931038,38745.21386,0.989,0.12,0.85,4.386951631,0.748,8.215039321
DEU,Germany,,Very High,9.0,0.942,80.6301,17.01013947,14.09096691,54534.21682,0.978,0.073,0.883,6.263269639,0.804,7.690141865
DJI,Djibouti,AS,Low,171.0,0.509,62.3049,7.43298,4.1,5024.993944,,,,,0.47,0.355728745
DMA,Dominica,LAC,High,102.0,0.72,72.814,13.3191862,8.142186,11487.62422,,,,,,1.934403912
DNK,Denmark,,Very High,6.0,0.948,81.3753,18.71479988,12.96049023,60364.78595,0.98,0.013,0.898,5.274261603,0.803,4.522442415
DOM,Dominican Republic,LAC,High,80.0,0.767,72.6146,14.46655802,9.306864107,17989.60037,1.014,0.429,0.618,19.42633638,0.719,2.559875589
DZA,Algeria,AS,High,91.0,0.745,76.3767,14.62689602,8.069284397,10800.22546,0.88,0.499,0.598,19.73154362,0.687,3.534590875
ECU,Ecuador,LAC,High,95.0,0.74,73.67,14.62423038,8.817119598,10311.63273,0.98,0.362,0.604,18.37837838,0.704,1.753199871
EGY,Egypt,AS,High,97.0,0.731,70.2207,13.78649972,9.573026174,11731.69056,0.882,0.443,0.519,29.00136799,0.692,2.085874268
ERI,Eritrea,SSA,Low,176.0,0.492,66.5358,8.064524628,4.8872352,1728.742667,,,,,0.483,0.203678582
ESP,Spain,,Very High,27.0,0.905,83.01,17.91690063,10.60540009,38353.60164,0.986,0.057,0.788,12.9281768,0.819,4.468313378
EST,Estonia,,Very High,31.0,0.89,77.1436,15.92895985,13.54843044,38048.26372,1.021,0.1,0.829,6.853932584,0.684,7.879475476
ETH,Ethiopia,SSA,Low,175.0,0.498,64.9748,9.651071421,3.201520681,2361.069604,0.921,0.52,0.363,27.10843373,0.496,0.127560389
FIN,Finland,,Very High,11.0,0.94,82.0381,19.05192947,12.87362003,49452.16672,0.989,0.033,0.89,5.319148936,0.731,7.090703013
FJI,Fiji,EAP,High,99.0,0.73,67.114,14.73679,10.92154799,9980.110866,0.931,0.318,,,,1.554361952
FRA,France,,Very High,28.0,0.903,82.4988,15.81206989,11.61005974,45937.05273,0.99,0.083,0.825,8.637873754,0.803,4.23807293
FSM,Micronesia (Federated States of),EAP,Medium,134.0,0.628,70.71,11.54947988,7.804956,3696.173945,,,,,,1.282352225
GAB,Gabon,SSA,High,112.0,0.706,65.821,12.97731,9.436,13366.93455,0.908,0.541,0.554,21.52974504,0.666,1.931138222
GBR,United Kingdom,,Very High,18.0,0.929,80.7422,17.30971909,13.4061203,45224.76564,0.987,0.098,0.85,8.503767492,0.819,4.854886819
GEO,Georgia,ECA,Very High,63.0,0.802,71.694,15.56851959,12.82221985,14664.16825,1.007,0.28,0.706,11.97007481,0.749,2.498792354
GHA,Ghana,SSA,Medium,133.0,0.632,63.7954,12.04778004,8.329886695,5744.504017,0.946,0.529,0.458,27.53164557,0.618,0.514959318
GIN,Guinea,SSA,Low,182.0,0.465,58.8922,9.805297465,2.202125952,2480.887182,0.85,0.621,0.299,35.69892473,0.454,0.258436989
GMB,Gambia,SSA,Low,174.0,0.5,62.083,9.418626299,4.637487411,2172.207664,0.924,0.611,0.348,30.4,0.49,0.206859196
GNB,Guinea-Bissau,SSA,Low,177.0,0.483,59.6523,10.61306278,3.583719,1908.24159,0.867,0.627,0.306,36.64596273,,0.145716389
GNQ,Equatorial Guinea,SSA,Medium,145.0,0.596,60.5943,9.73494,5.910863,12073.95993,,,,,0.52,7.316756772
GRC,Greece,,Very High,33.0,0.887,80.1106,20.02878952,11.40853024,29002.48545,0.969,0.119,0.791,10.82299887,0.792,5.01149663
GRD,Grenada,LAC,High,68.0,0.795,74.9362,18.66202035,9.032104,13483.5774,,,,,,2.620175431
GTM,Guatemala,LAC,Medium,135.0,0.627,69.2368,10.56245041,5.681300163,8723.285317,0.917,0.481,0.46,26.63476874,0.601,1.05706389
GUY,Guyana,LAC,High,108.0,0.714,65.6734,12.50272216,8.617477,22464.65734,0.978,0.454,0.591,17.22689076,,2.813164292
HKG,"Hong Kong, China (SAR)",,Very High,4.0,0.952,85.4734,17.27816963,12.22620964,62606.8454,0.976,,0.828,13.02521008,,4.16685063
HND,Honduras,LAC,Medium,137.0,0.621,70.1229,10.13281417,7.088479996,5297.955301,0.96,0.431,0.479,22.86634461,0.599,0.975263329
HRV,Croatia,,Very High,40.0,0.858,77.5804,15.11209965,12.19108434,30132.28814,0.995,0.093,0.797,7.10955711,0.764,4.136637154
HTI,Haiti,LAC,Low,163.0,0.535,63.1924,9.7,5.554,2847.500746,0.898,0.635,0.327,38.87850467,0.528,0.256039713
HUN,Hungary,,Very High,46.0,0.846,74.5301,15.0336281,12.24958992,32789.01063,0.987,0.221,0.792,6.382978723,0.755,4.99728219
IDN,Indonesia,EAP,High,114.0,0.705,67.5703,13.74889386,8.556509972,11466.06836,0.941,0.444,0.585,17.0212766,0.672,2.155208427
IND,India,SA,Medium,132.0,0.633,67.2398,11.87462044,6.655109195,6589.980037,0.849,0.49,0.475,24.96050553,0.609,1.769409088
IRL,Ireland,,Very High,8.0,0.945,81.9976,18.94522095,11.58222303,76168.98443,0.987,0.074,0.886,6.243386243,0.682,6.753775883
IRN,Iran (Islamic Republic of),SA,High,76.0,0.774,73.8749,14.61524963,10.63645314,13000.7117,0.88,0.459,0.686,11.36950904,0.677,8.870210046
IRQ,Iraq,AS,Medium,121.0,0.686,70.3779,12.08747317,7.905593489,9977.249073,0.803,0.558,0.554,19.24198251,0.622,5.241572172
ISL,Iceland,,Very High,3.0,0.959,82.6782,19.16305923,13.76716995,55782.04981,0.976,0.043,0.915,4.588112617,0.633,8.603839493
ISR,Israel,,Very High,22.0,0.919,82.255,16.05088997,13.3448664,41523.74319,0.992,0.083,0.815,11.31664853,0.744,6.510389017
ITA,Italy,,Very High,30.0,0.895,82.8502,16.22678947,10.7401104,42839.51441,0.97,0.056,0.791,11.62011173,0.813,5.02491109
JAM,Jamaica,LAC,High,110.0,0.709,70.5003,13.40492042,9.154628661,8834.47567,0.99,0.335,0.591,16.64315938,0.663,2.508977035
JOR,Jordan,AS,High,102.0,0.72,74.2563,10.64655972,10.44668007,9923.714974,0.887,0.471,0.617,14.30555556,0.683,2.497997184
JPN,Japan,,Very High,19.0,0.925,84.7839,15.22162588,13.36610034,42274.29134,0.97,0.083,0.85,8.108108108,0.792,8.149938667
KAZ,Kazakhstan,ECA,Very High,56.0,0.811,69.3622,15.76500034,12.34756189,23942.81837,0.998,0.161,0.755,6.905055487,0.59,15.51581435
KEN,Kenya,SSA,Medium,152.0,0.575,61.427,10.69855835,6.652,4473.570344,0.941,0.506,0.426,25.91304348,0.561,0.300273588
KGZ,Kyrgyzstan,ECA,Medium,118.0,0.692,69.9774,13.1953001,11.37410556,4566.303831,0.966,0.37,0.627,9.393063584,0.658,1.763865121
KHM,Cambodia,EAP,Medium,146.0,0.593,69.5835,11.46772,5.088,4078.697154,0.926,0.461,0.479,19.22428331,0.573,0.916659614
KIR,Kiribati,EAP,Medium,136.0,0.624,67.4172,11.801993,7.984461822,4062.586034,,,0.516,17.30769231,,0.56992524
KNA,Saint Kitts and Nevis,LAC,High,75.0,0.777,71.6822,15.42769157,8.662745,23358.33212,,,,,,3.985789207
KOR,Korea (Republic of),,Very High,19.0,0.925,83.6978,16.52173996,12.51293027,44500.93187,0.944,0.067,0.838,9.405405405,0.752,11.65622391
KWT,Kuwait,AS,Very High,50.0,0.831,78.6729,15.32443332,7.328022618,52919.76137,1.009,0.305,,,0.452,20.82510746
LAO,Lao People's Democratic Republic,EAP,Medium,140.0,0.607,68.0608,10.13611031,5.374,7699.579617,0.949,0.478,0.459,24.38220758,0.559,4.652122998
LBN,Lebanon,AS,High,112.0,0.706,75.0472,11.28587,8.718636,9525.831467,0.882,0.432,,,0.646,3.804777564
LBR,Liberia,SSA,Low,178.0,0.481,60.7472,10.42078972,5.082,1288.74235,0.871,0.648,0.33,31.39293139,0.474,0.199498545
LBY,Libya,AS,High,104.0,0.718,71.9112,12.85428,7.599985,15335.712,0.975,0.259,,,0.626,7.381523009
LCA,Saint Lucia,LAC,High,106.0,0.715,71.1114,12.86610985,8.545040131,12048.30381,1.011,0.381,0.559,21.81818182,,2.395617202
LIE,Liechtenstein,,Very High,16.0,0.935,83.2575,15.18157005,12.53854,146829.7006,,,,,,3.698331935
LKA,Sri Lanka,SA,High,73.0,0.782,76.3991,14.13990486,10.82730007,12578.22055,0.949,0.383,0.676,13.55498721,0.761,0.985665463
LSO,Lesotho,SSA,Low,168.0,0.514,53.062,12.04087801,6.010184707,2700.435748,0.985,0.557,0.372,27.62645914,,1.019209252
LTU,Lithuania,,Very High,35.0,0.875,73.7201,16.28506088,13.49810028,37931.30359,1.03,0.105,0.8,8.571428571,0.679,5.069079734
LUX,Luxembourg,,Very High,17.0,0.93,82.6287,14.39813995,13.01519217,84649.47467,0.993,0.044,0.85,8.602150538,0.645,13.05892539
LVA,Latvia,,Very High,39.0,0.863,73.5786,16.20252991,13.25271988,32803.23423,1.025,0.151,0.792,8.227114716,0.716,3.590715291
MAR,Morocco,AS,Medium,123.0,0.683,74.0419,14.15190983,5.916,7302.81917,0.861,0.425,0.504,26.2079063,0.652,1.74845085
MCO,Monaco,,,,,85.9463,,,,,,,,,
MDA,Moldova (Republic of),ECA,High,80.0,0.767,68.8459,14.43299961,11.82159042,14875.33189,1.01,0.205,0.711,7.301173403,0.748,1.275891722
MDG,Madagascar,SSA,Low,173.0,0.501,64.4853,10.13499142,5.120468534,1483.520983,0.956,0.556,0.367,26.74650699,0.497,0.132880633
MDV,Maldives,SA,High,90.0,0.747,79.9182,12.63560963,7.322,15448.12788,0.925,0.348,0.594,20.48192771,,3.32350373
MEX,Mexico,LAC,High,86.0,0.758,70.2127,14.86443996,9.221050262,17896.29498,0.989,0.309,0.621,18.07387863,0.704,2.76863785
MHL,Marshall Islands,EAP,Medium,131.0,0.639,65.2688,10.2393198,10.88313961,4619.535393,,,,,,2.555837135
MKD,North Macedonia,ECA,High,78.0,0.77,73.8415,13.62443234,10.22815037,15917.75283,0.945,0.134,0.686,10.90909091,0.707,3.430253041
MLI,Mali,SSA,Low,186.0,0.428,58.9414,7.423037617,2.31,2132.629443,0.887,0.613,0.291,32.00934579,0.418,0.167400521
MLT,Malta,,Very High,23.0,0.918,83.7769,16.83856964,12.21026039,38884.45623,0.98,0.167,0.849,7.516339869,0.72,3.612105729
MMR,Myanmar,EAP,Medium,149.0,0.585,65.6716,10.90913752,6.37680006,3850.524234,0.944,0.498,,,0.577,0.667627891
MNE,Montenegro,ECA,Very High,49.0,0.832,76.3426,15.08160973,12.17648306,20838.80129,0.981,0.119,0.756,9.134615385,,3.677798193
MNG,Mongolia,EAP,High,96.0,0.739,70.9754,14.98034954,9.423700333,10588.22532,1.031,0.313,0.644,12.85520974,0.557,26.97802818
MOZ,Mozambique,SSA,Low,185.0,0.446,59.3247,10.2191516,3.197641838,1198.073924,0.922,0.537,0.3,32.73542601,0.441,0.210232236
MRT,Mauritania,SSA,Medium,158.0,0.556,64.3636,9.376159668,4.918804891,5075.305711,0.89,0.632,0.389,30.03597122,0.533,0.726332991
MUS,Mauritius,SSA,Very High,63.0,0.802,73.5552,15.17352977,10.42791048,22025.34631,0.973,0.347,0.666,16.95760599,,3.129029823
MWI,Malawi,SSA,Low,169.0,0.512,62.9044,12.67898523,4.489695385,1465.635064,0.968,0.554,0.377,26.3671875,0.508,0.072922295
MYS,Malaysia,EAP,Very High,62.0,0.803,74.8839,13.34304047,10.64505959,26657.94355,0.982,0.228,,,0.681,8.422647483
NAM,Namibia,SSA,Medium,139.0,0.615,59.269,11.92720692,7.192013277,8633.504452,1.004,0.445,0.402,34.63414634,0.574,1.525913011
NER,Niger,SSA,Low,189.0,0.4,61.5763,6.957111988,2.116717299,1239.866936,0.835,0.611,0.292,27.0,0.392,0.069832068
NGA,Nigeria,SSA,Low,163.0,0.535,52.676,10.12758388,7.181074153,4790.284425,0.863,0.68,0.341,36.26168224,0.524,0.608631271
NIC,Nicaragua,LAC,Medium,126.0,0.667,73.8368,12.64135783,7.144,5624.793595,0.956,0.424,0.516,22.63868066,0.647,0.76589307
NLD,Netherlands,,Very High,10.0,0.941,81.6873,18.69316522,12.58162975,55979.411,0.968,0.025,0.878,6.695005313,0.745,8.059593325
NOR,Norway,,Very High,2.0,0.961,83.2339,18.18519974,13.00362968,64660.10622,0.983,0.016,0.908,5.51508845,0.734,7.615046075
NPL,Nepal,SA,Medium,143.0,0.602,68.4495,12.88694954,5.121792742,3877.315444,0.942,0.452,0.449,25.41528239,0.584,0.582002668
NRU,Nauru,EAP,,,,63.617,11.69042029,,17729.74084,,,,,,5.241223208
NZL,New Zealand,,Very High,13.0,0.937,82.4513,20.28388977,12.94468975,44057.31394,0.975,0.088,0.865,7.684098186,0.756,6.941846236
OMN,Oman,AS,Very High,54.0,0.816,72.5406,14.57349014,11.65404034,27054.32505,0.9,0.3,0.708,13.23529412,0.71,12.17292984
PAK,Pakistan,SA,Low,161.0,0.544,66.0979,8.658349991,4.536330223,4623.70543,0.81,0.534,0.38,30.14705882,0.531,1.062756182
PAN,Panama,LAC,Very High,61.0,0.805,76.2233,13.05787868,10.54059029,26956.83707,1.017,0.392,0.64,20.49689441,0.74,2.498280904
PER,Peru,LAC,High,84.0,0.762,72.3769,15.38773354,9.885518863,12245.89366,0.95,0.38,0.635,16.66666667,0.721,1.355886751
PHL,Philippines,EAP,Medium,116.0,0.699,69.2664,13.12656975,8.969099998,8920.428468,0.99,0.419,0.574,17.88268956,0.664,1.241254444
PLW,Palau,EAP,High,80.0,0.767,66.0204,15.78432,12.49143,13818.67869,,,,,,12.12335581
PNG,Papua New Guinea,EAP,Medium,156.0,0.558,65.3506,10.36077074,4.74,4008.623573,0.931,0.725,0.397,28.85304659,0.541,0.74349862
POL,Poland,,Very High,34.0,0.876,76.4572,16.0271492,13.1647501,33033.96081,1.008,0.109,0.816,6.849315068,0.753,7.9159743
PRK,Korea (Democratic People's Rep. of),EAP,,,,73.2845,10.78317,,,,,,,,1.13702274
PRT,Portugal,,Very High,38.0,0.866,81.0443,16.87122917,9.575940132,33154.53343,0.994,0.067,0.773,10.73903002,0.792,3.960866197
PRY,Paraguay,LAC,High,105.0,0.717,70.2617,12.98799113,8.861840248,12349.286,0.99,0.445,0.582,18.82845188,0.648,1.061291226
PSE,"Palestine, State of",AS,High,106.0,0.715,73.4727,13.35801029,9.938480377,6582.899416,0.891,,0.584,18.32167832,,0.568234611
QAT,Qatar,AS,Very High,42.0,0.855,79.2716,12.63722038,9.99601145,87134.13469,1.019,0.22,,,0.491,37.01945087
ROU,Romania,,Very High,53.0,0.821,74.1847,14.22990036,11.27511978,30027.29131,0.994,0.282,0.733,10.71863581,0.738,3.715362722
RUS,Russian Federation,,Very High,52.0,0.822,69.419,15.76636982,12.77428805,27166.30891,1.016,0.203,0.751,8.637469586,0.721,10.8071526
RWA,Rwanda,SSA,Low,165.0,0.534,66.0722,11.23097038,4.425292358,2209.795202,0.954,0.388,0.402,24.71910112,0.529,0.079731518
SAU,Saudi Arabia,AS,Very High,35.0,0.875,76.936,16.13549042,11.31052971,46111.55135,0.917,0.247,,,0.638,17.96720336
SDN,Sudan,AS,Low,172.0,0.508,65.2667,7.945187858,3.82,3575.19084,0.87,0.553,0.336,33.85826772,0.48,0.430091637
SEN,Senegal,SSA,Low,170.0,0.511,67.0926,8.963749886,2.937938258,3344.311825,0.874,0.53,0.354,30.72407045,0.499,0.624178545
SGP,Singapore,EAP,Very High,12.0,0.939,82.7545,16.5243206,11.92488003,90918.64471,0.992,0.04,0.817,12.99254526,0.665,7.777989731
SLB,Solomon Islands,EAP,Medium,155.0,0.564,70.3477,10.32869027,5.711848,2481.511362,,,,,,0.434978832
SLE,Sierra Leone,SSA,Low,181.0,0.477,60.0624,9.57339109,4.576081285,1621.512579,0.893,0.633,0.309,35.22012579,0.472,0.109965133
SLV,El Salvador,LAC,Medium,125.0,0.675,70.7479,12.67134767,7.150929928,8295.665889,0.964,0.376,0.548,18.81481481,0.652,0.944111387
SMR,San Marino,,Very High,44.0,0.853,80.8786,12.26613998,10.80146027,52653.82534,,,,,,
SOM,Somalia,AS,,,,55.2803,,,1017.96785,,,,,,0.035369795
SRB,Serbia,ECA,Very High,63.0,0.802,74.1923,14.40009022,11.36987019,19123.02747,0.982,0.131,0.72,10.2244389,0.715,4.936885477
SSD,South Sudan,SSA,Low,191.0,0.385,54.9752,5.54251,5.726140022,767.787,0.843,0.587,0.245,36.36363636,0.376,0.105344736
STP,Sao Tome and Principe,SSA,Medium,138.0,0.618,67.5912,13.36538506,6.215599435,4021.350815,0.907,0.494,0.503,18.60841424,,0.514421037
SUR,Suriname,LAC,High,99.0,0.73,70.2743,13.03564357,9.77680063,12672.20033,1.001,0.427,0.532,27.12328767,,3.791474042
SVK,Slovakia,,Very High,45.0,0.848,74.9101,14.51303959,12.91141987,30690.48552,0.999,0.18,0.803,5.306603774,0.738,5.628647446
SVN,Slovenia,,Very High,23.0,0.918,80.6904,17.65492058,12.80368042,39746.01987,0.999,0.071,0.878,4.357298475,0.769,6.042989257
SWE,Sweden,,Very High,7.0,0.947,82.9833,19.41852951,12.60972023,54489.37401,0.988,0.023,0.885,6.546990496,0.803,3.825506114
SWZ,Eswatini (Kingdom of),SSA,Medium,144.0,0.597,57.0657,13.74434586,5.596,7678.591873,0.986,0.54,0.424,28.97822446,,0.823831803
SYC,Seychelles,SSA,High,72.0,0.785,71.2945,13.94161034,10.28312,25830.61775,,,0.661,15.79617834,,4.993238228
SYR,Syrian Arab Republic,AS,Medium,150.0,0.577,72.0627,9.164219856,5.1,4191.933893,0.825,0.477,,,0.565,1.744614402
TCD,Chad,SSA,Low,190.0,0.394,52.5254,8.035914334,2.57377421,1364.169417,0.77,0.652,0.251,36.29441624,0.379,0.055540457
TGO,Togo,SSA,Low,162.0,0.539,61.6194,12.95049378,5.016807367,2166.619062,0.849,0.58,0.372,30.98330241,0.528,0.264726786
THA,Thailand,EAP,Very High,66.0,0.8,78.7154,15.88221913,8.697119713,17030.15352,1.012,0.333,0.686,14.25,0.735,3.692920935
TJK,Tajikistan,ECA,Medium,122.0,0.685,71.5942,11.65303618,11.3333938,4547.742427,0.909,0.285,0.599,12.55474453,0.662,0.990569475
TKM,Turkmenistan,ECA,High,91.0,0.745,69.2644,13.21039963,11.26139,13020.7155,0.956,0.177,0.619,16.91275168,0.632,12.49132843
TLS,Timor-Leste,EAP,Medium,140.0,0.607,67.7369,12.616098,5.43679,4460.869435,0.917,0.378,0.44,27.51235585,,0.398727289
TON,Tonga,EAP,High,91.0,0.745,70.9857,16.04857063,11.392594,6822.03125,0.965,0.631,0.666,10.60402685,,1.359761578
TTO,Trinidad and Tobago,LAC,Very High,57.0,0.81,72.9709,14.53545292,11.61062419,23392.02084,0.985,0.344,,,,25.37313646
TUN,Tunisia,AS,High,97.0,0.731,73.7719,15.42538224,7.431598614,10257.54477,0.931,0.259,0.588,19.5622435,0.687,2.379863502
TUR,Turkey,ECA,Very High,48.0,0.838,76.0324,18.3382206,8.63313961,31032.80106,0.937,0.272,0.717,14.43914081,0.741,4.657320907
TUV,Tuvalu,EAP,Medium,130.0,0.641,64.5466,9.40443,10.57310772,6351.435899,,,0.541,15.60062402,,0.641460312
TZA,Tanzania (United Republic of),SSA,Low,160.0,0.549,66.2007,9.221489906,6.37289871,2664.329096,0.943,0.56,0.418,23.86156648,0.544,0.183121172
UGA,Uganda,SSA,Low,166.0,0.525,62.7048,10.14986994,5.730941566,2181.43651,0.927,0.53,0.396,24.57142857,0.52,0.106954357
UKR,Ukraine,ECA,High,77.0,0.773,71.624,14.95656854,11.13142043,13255.50977,1.012,0.2,0.726,6.080206986,0.703,4.891161661
URY,Uruguay,LAC,Very High,58.0,0.809,75.4356,16.83259964,8.982549667,21268.88122,1.022,0.235,0.71,12.23733004,0.733,1.681218748
USA,United States,,Very High,21.0,0.921,77.1982,16.28097916,13.68342972,64765.21509,1.001,0.179,0.819,11.07491857,0.698,14.23786361
UZB,Uzbekistan,ECA,High,101.0,0.727,70.8616,12.47714043,11.89558983,7916.785725,0.944,0.227,,,0.688,3.369793419
VCT,Saint Vincent and the Grenadines,LAC,High,89.0,0.751,69.6291,14.67220567,10.83343029,11961.08792,0.97,0.39,,,,1.882819542
VEN,Venezuela (Bolivarian Republic of),LAC,Medium,120.0,0.691,70.5536,12.81608,11.10727736,4810.882621,0.983,0.492,0.592,14.32706223,0.645,2.975442345
VNM,Viet Nam,EAP,High,115.0,0.703,73.6181,12.9519325,8.370280266,7867.371345,1.002,0.296,0.602,14.36699858,0.662,2.612563309
VUT,Vanuatu,EAP,Medium,140.0,0.607,70.449,11.53531503,7.064846,3085.411633,,,,,,0.591056341
WSM,Samoa,EAP,High,111.0,0.707,72.7675,12.41885948,11.4038,5307.953374,0.957,0.418,0.613,13.29561528,,1.238975072
YEM,Yemen,AS,Low,183.0,0.455,63.7534,9.09871006,3.2,1314.270189,0.496,0.82,0.307,32.52747253,0.448,0.327509951
ZAF,South Africa,SSA,High,109.0,0.713,62.341,13.64371014,11.37316036,12948.37325,0.944,0.405,0.471,33.94109397,0.648,7.620419537
ZMB,Zambia,SSA,Medium,154.0,0.565,61.2234,10.92876021,7.187091494,3217.767739,0.965,0.54,0.39,30.97345133,0.557,0.3575346
ZWE,Zimbabwe,SSA,Medium,146.0,0.593,59.2531,12.11096904,8.710908501,3809.887158,0.961,0.532,0.458,22.76559865,0.587,0.708561788
ZZA.VHHD,Very high human development,,,,0.896,78.52130091,16.50648507,12.32300587,43751.59646,0.986,0.155,0.805,10.15625,0.747,9.017077984
ZZB.HHD,High human development,,,,0.754,74.70909353,14.21928738,8.327011056,15167.24771,0.973,0.329,0.627,16.84350133,0.667,5.382824817
ZZC.MHD,Medium human development,,,,0.636,67.4383177,11.94485511,6.872256777,6353.491965,0.88,0.494,0.481,24.37106918,0.613,1.543788105
ZZD.LHD,Low human development,,,,0.518,61.31099104,9.459356687,4.860213745,3009.120913,0.864,0.577,0.359,30.69498069,0.509,0.43088819
ZZE.AS,Arab States,,,,0.708,70.89504009,12.35353543,8.028549789,13500.55615,0.871,0.536,0.534,24.57627119,0.646,4.294278161
ZZF.EAP,East Asia and the Pacific,,,,0.749,75.57965006,13.81681848,7.839329253,15580.43686,0.978,0.337,0.63,15.88785047,0.657,5.772865985
ZZG.ECA,Europe and Central Asia,,,,0.796,72.85652591,15.44654599,10.55392208,19351.83702,0.961,0.227,0.714,10.30150754,0.713,5.233624889
ZZH.LAC,Latin America and the Caribbean,,,,0.754,72.09988984,14.76795558,8.997700378,14520.66124,0.986,0.381,0.601,20.29177719,0.695,2.324879119
ZZI.SA,South Asia,,,,0.632,67.85553035,11.56220838,6.710321247,6481.393135,0.852,0.508,0.476,24.6835443,0.609,1.843217249
ZZJ.SSA,Sub-Saharan Africa,,,,0.547,60.11246665,10.26733831,6.001639422,3698.868914,0.907,0.569,0.383,29.98171846,0.536,0.719480459
ZZK.WORLD,World,,,,0.732,71.36546488,12.7809066,8.617460722,16752.08292,0.958,0.465,0.59,19.3989071,0.667,4.274185198
